{
  "modelNormals": [
    [
      0.0,
      0.0,
      1.0
    ],
    [
      0.0,
      0.0,
      1.0
    ],
    [
      0.19611613513818374,
      -4.519515602828714e-31,
      0.9805806756909203
    ],
    [
      -0.19611613513818404,
      7.883473239025085e-31,
      0.9805806756909202
    ]
  ],
  "modelPoints": [
    [
      0.0025000002235174177,
      0.003999999999999999,
      0.022500000335276125
    ],
    [
      0.027500000223517417,
      0.003999999999999999,
      0.022500000335276125
    ],
    [
      0.0272572584461365,
      0.0015485483107726917,
      0.007500000111758709
    ],
    [
      0.0027427415538634962,
      0.0015485483107727008,
      0.03750000011175871
    ]
  ]
}