{
  "channelMap": [
    0,
    2,
    3,
    4,
    5,
    1
  ],
  "modelNormals": [
    [
      0.19611613513818374,
      -4.519515602828713e-31,
      0.9805806756909203
    ],
    [
      0.0,
      0.0,
      1.0
    ],
    [
      0.0,
      0.0,
      1.0
    ],
    [
      0.19611613513818374,
      -4.519515602828714e-31,
      0.9805806756909203
    ],
    [
      -0.19611613513818424,
      7.90915230495025e-31,
      0.9805806756909202
    ],
    [
      -0.19611613513818404,
      7.883473239025085e-31,
      0.9805806756909202
    ]
  ],
  "modelPoints": [
    [
      0.0272572584461365,
      0.007500000111758709,
      0.0015485483107726893
    ],
    [
      0.0025000002235174177,
      0.022500000335276125,
      0.003999999999999999
    ],
    [
      0.027500000223517417,
      0.022500000335276125,
      0.003999999999999999
    ],
    [
      0.0272572584461365,
      0.03750000011175871,
      0.0015485483107726917
    ],
    [
      0.002742741553863496,
      0.03750000011175871,
      0.0015485483107727028
    ],
    [
      0.0027427415538634962,
      0.007500000111758709,
      0.0015485483107727008
    ]
  ]
}